theta_images/00000.png,th_000_0
theta_images/00001.png,th_000_0
theta_images/00002.png,th_000_0
theta_images/00003.png,th_000_0
theta_images/00004.png,th_000_0
theta_images/00005.png,th_000_0
theta_images/00006.png,th_000_0
theta_images/00007.png,th_000_0
theta_images/00008.png,th_000_0
theta_images/00009.png,th_000_0
theta_images/00010.png,th_000_0
theta_images/00011.png,th_000_0
theta_images/00012.png,th_000_0
theta_images/00013.png,th_000_0
theta_images/00014.png,th_00_60
theta_images/00015.png,th_00_60
theta_images/00016.png,th_00_60
theta_images/00017.png,th_00_60
theta_images/00018.png,th_00_60
theta_images/00019.png,th_00_60
theta_images/00020.png,th_00_60
theta_images/00021.png,th_00_60
theta_images/00022.png,th_00_60
theta_images/00023.png,th_00_60
theta_images/00024.png,th_00_60
theta_images/00025.png,th_00_60
theta_images/00026.png,th_00_60
theta_images/00027.png,th_00_60
theta_images/00028.png,th_0_120
theta_images/00029.png,th_0_120
theta_images/00030.png,th_0_120
theta_images/00031.png,th_0_120
theta_images/00032.png,th_0_120
theta_images/00033.png,th_0_120
theta_images/00034.png,th_0_120
theta_images/00035.png,th_0_120
theta_images/00036.png,th_0_120
theta_images/00037.png,th_0_120
theta_images/00038.png,th_0_120
theta_images/00039.png,th_0_120
theta_images/00040.png,th_0_120
theta_images/00041.png,th_0_120
theta_images/00042.png,th_0_180
theta_images/00043.png,th_0_180
theta_images/00044.png,th_0_180
theta_images/00045.png,th_0_180
theta_images/00046.png,th_0_180
theta_images/00047.png,th_0_180
theta_images/00048.png,th_0_180
theta_images/00049.png,th_0_180
theta_images/00050.png,th_0_180
theta_images/00051.png,th_0_180
theta_images/00052.png,th_0_180
theta_images/00053.png,th_0_180
theta_images/00054.png,th_0_180
theta_images/00055.png,th_0_180
theta_images/00056.png,th_0_240
theta_images/00057.png,th_0_240
theta_images/00058.png,th_0_240
theta_images/00059.png,th_0_240
theta_images/00060.png,th_0_240
theta_images/00061.png,th_0_240
theta_images/00062.png,th_0_240
theta_images/00063.png,th_0_240
theta_images/00064.png,th_0_240
theta_images/00065.png,th_0_240
theta_images/00066.png,th_0_240
theta_images/00067.png,th_0_240
theta_images/00068.png,th_0_240
theta_images/00069.png,th_0_240
theta_images/00070.png,th_0_300
theta_images/00071.png,th_0_300
theta_images/00072.png,th_0_300
theta_images/00073.png,th_0_300
theta_images/00074.png,th_0_300
theta_images/00075.png,th_0_300
theta_images/00076.png,th_0_300
theta_images/00077.png,th_0_300
theta_images/00078.png,th_0_300
theta_images/00079.png,th_0_300
theta_images/00080.png,th_0_300
theta_images/00081.png,th_0_300
theta_images/00082.png,th_0_300
theta_images/00083.png,th_0_300
